"vertices", "edges", "execution time [s]"
10, 20, 1.2603e-05
100, 200, 2.118e-05
1000, 2000, 0.000196152
10000, 20000, 0.00348782
100000, 200000, 0.0526959
1000000, 2000000, 1.23673
