"vertices", "edge probability", "execution time [s]"
10, 0.9, 1.6536e-05
100, 0.2, 7.9537e-05
1000, 0.05, 0.00102623
10000, 0.05, 0.100349
20000, 0.05, 0.359118
50000, 0.05, 3.08682
