"vertices", "edges", "execution time [s]"
10, 0.05, 1.0729e-05
100, 0.05, 4.4051e-05
1000, 0.05, 0.00106316
10000, 0.05, 0.101356
20000, 0.05, 0.355951
50000, 0.05, 3.09494
