"vertices", "edges", "execution time [s]"
10, 20, 1.0074e-05
100, 200, 2.1441e-05
1000, 2000, 0.000267557
10000, 20000, 0.0036468
100000, 200000, 0.0680078
