"vertices", "edges", "execution time [s]"
10, 0.05, 9.9297e-05
100, 0.05, 0.000269486
1000, 0.05, 0.0349996
10000, 0.05, 6.17938
