"vertices", "edges", "execution time [s]"
10, 0.05, 9.442e-05
100, 0.05, 0.000199466
1000, 0.05, 0.0148639
10000, 0.05, 0.708893
20000, 0.05, 2.62527
