"vertices", "edges", "execution time [s]"
10, 0.05, 5.019e-06
100, 0.05, 2.6716e-05
1000, 0.05, 2.3104e-05
10000, 0.05, 0.000184088
20000, 0.05, 0.000366806
50000, 0.05, 0.000378964
