"vertices", "edges", "execution time [s]"
10, 0.05, 4.694e-06
100, 0.05, 2.7107e-05
1000, 0.05, 2.236e-05
10000, 0.05, 0.000185109
20000, 0.05, 0.000365447
50000, 0.05, 0.000377943
