"vertices", "edge probability", "execution time [s]"
10, 0.9, 7.965e-06
100, 0.2, 5.8536e-05
1000, 0.05, 0.00116031
10000, 0.05, 0.0496749
20000, 0.05, 0.187165
50000, 0.05, 1.27611
