"vertices", "edges", "execution time [s]"
10, 20, 1.3433e-05
100, 200, 0.000127237
1000, 2000, 0.00146301
10000, 20000, 0.00296075
100000, 200000, 0.00553374
1000000, 2000000, 0.0120397
