"vertices", "edge probability", "execution time [s]"
10, 0.9, 1.2208e-05
100, 0.2, 5.0658e-05
1000, 0.05, 0.000678389
10000, 0.05, 0.0328951
20000, 0.05, 0.123568
50000, 0.05, 0.861338
