"vertices", "edges", "execution time [s]"
10, 20, 1.555e-05
100, 200, 0.000116522
1000, 2000, 0.00217738
10000, 20000, 0.001938
100000, 200000, 0.00237811
